{"cameraMode":{"drawMode":0,"name":"Shaded","section":"Shading Mode"},"sceneLighting":false,"audioPlay":false,"sceneViewState":{"m_AlwaysRefresh":false,"showFog":true,"showSkybox":false,"showFlares":true,"showImageEffects":true,"showParticleSystems":true,"showVisualEffectGraphs":true,"m_FxEnabled":true},"in2DMode":false,"pivot":{"x":2.007842779159546,"y":3.9132936000823976,"z":7.234312534332275},"rotation":{"x":0.018244324252009393,"y":-0.6983442902565002,"z":0.017811665311455728,"w":0.7153088450431824},"size":1.0324103832244874,"orthographic":true}